A,Right,Left
0,-0.7197782725557986,0.33493925427178856
0,-0.6117576045765736,0.34193001867543377
0,-0.30407643348691615,0.5853981833073438
0,-0.022919325579569716,0.4877959399534287
0,0.08839369358731397,0.15913921013587812
0,-0.08777899840006353,0.03834048151354258
0,-0.2805043765110711,0.10099155814984584
0,-0.536939453977856,-0.1316399113115051
0,-0.46337991597963035,-0.14685286687740962
0,-0.48094903352687735,0.04953918750363029
0,-0.6817610274725174,0.22214222279868492
0,-0.7689491232956109,0.3785739994736641
0,-0.7781236912227463,0.6350692587285581
0,-0.6343708952304012,0.7192178900151727
0,-0.4392546181717182,0.9285188732218226
0,-0.5319135195516786,0.9565880499669942
0,-0.0191152764252569,0.652500755952172
0,-0.3615079247350691,0.5770266198945619
0,-0.4736760854944494,1.0267541776103801
0,-0.28762389396826804,0.62288078464127
0,-0.07579960421093901,0.4784595172751802
0,0.061687739383624374,0.35383803567428024
0,0.12412941950529732,0.25322652278382063
0,0.31543372297795963,0.7494888576705396
0,0.14765120848870128,1.025383318193462
0,-0.33946997012216795,0.9841351377316815
0,-1.2693218087495994,0.4606054704428076
0,-1.330984728298526,0.14913190948942612
0,-0.7294861955106329,0.6012354484558781
0,-0.2564488603349425,0.6067731659377817
0,0.407237011302034,0.580676512498484
0,0.37802265357915965,0.6494380815868555
0,0.8341319084026187,0.3685479600571836
0,1.0144513611015555,0.1231700943776195
0,0.9731674291436567,0.40599541123460825
0,0.6684872610949621,0.29045379459979503
0,0.4255687154745356,1.0064193061174966
0,-0.060731225791903154,0.919975937526885
0,-0.3271930215526706,0.923846857353574
0,-0.026098514147919027,1.1322516064210582
0,-0.14719628179485034,1.3381625407602546
0,-0.4557228093966945,1.117805553590889
0,-0.2731782630890174,0.7090965412440062
0,-0.16009494171737093,0.6930440873558172
0,-0.33232986382548513,0.7437760124621822
0,-0.2981431191140007,0.665515310391091
0,0.10515702269196003,0.5306339577980134
0,0.2809483658892904,-0.16239692003135853
0,-0.15764776187243879,-0.1123788608395434
0,-0.9142065108730597,0.637820833382794
0,-0.7268484995788331,0.8572108124885862
0,-0.6465903225626641,0.9546417610072562
0,-0.5069907780663451,0.8648541007628407
0,-0.30421381611779075,1.0835987324634546
0,0.19123235131903432,0.2313487454447924
0,0.3188135943131388,0.16748926423487193
0,-0.07676359029022217,0.23830001260921202
0,-0.09588667313580457,0.49865457260682866
0,0.018363434927462396,0.5766743105263961
0,-0.0191399850369669,0.3550477529750925
0,0.15891357658099264,0.3669186698710738
0,-0.1809570109390286,0.3527221443965125
0,-0.64861659847122,0.09482256284452939
0,-0.4620454696118286,0.009551378763759333
0,-0.10366138907880251,0.39322749061429657
0,-0.4829140051892268,0.6919994525804392
0,-0.8353576749410305,0.42856819416243963
0,-0.595189822273948,0.10430257496469764
0,-0.3549833591663619,0.08829337876269494
0,-0.5177189760004137,0.06609891777661064
0,-0.7526236331283349,0.19493046172975842
0,-0.8808790249538494,0.24792385897350538
0,0.14011299987422932,0.800106792153431
0,0.009821432026815291,0.5817015432620742
0,-0.096360542487539,-0.07516295846907606
0,-0.6651617729840515,0.07499490587217228
0,-0.6121333092347108,0.4312890815298217
0,-0.7840594739426727,0.7304478127509261
0,-0.5685881986501238,0.8887974216971646
0,-0.1733680023856352,1.094242078161968
0,-0.46239768616498633,1.099058029866778
0,-0.4963910512274079,0.25542069211817175
0,-0.7591018995626326,-0.08888912393889448
0,-0.4374774619123798,0.3742353505877243
0,-0.057722985156613005,0.6587089114168921
0,-0.19947761580266565,0.618807333817444
0,-0.6214755594168264,0.4644960669288194
0,-0.62255619432133,0.2753254423734375
0,-0.4082701273367163,-0.5640543492746342
0,-0.8123925016858706,-0.4474077981525424
0,-0.17588704979391612,0.47708863435638516
0,-0.14179917300632006,0.28125725520694644
0,-0.5657302685255379,0.2854746556738967
0,-1.1537532036274336,0.1556329494358425
0,-0.9056139484405847,0.15266482073637144
0,-0.48664631000531056,-0.015351030639700336
0,-0.299353121580466,0.047167886684297056
0,-0.2717360517300218,0.38834312464774556
0,-0.4200364750025565,0.15401619099695518
0,-0.70086136788803,0.1535251356645505
0,-0.38139580309914256,0.5047785104359732
0,0.06743000290266482,0.09982777860486425
0,-0.015845628278375323,-0.44880896978479845
0,-0.39736189530117194,-0.21029125987464314
0,-0.3065985329114185,0.565603514132655
0,-0.34369281957904096,0.7255133028806701
0,-0.46469850268570334,0.08457719368541616
0,-0.09426640489225924,-0.09936553065945963
0,-0.624033462381133,0.47237412847735777
0,-0.348002867852665,0.48922574730197416
0,-0.6797876826108951,0.8806388033774679
0,-0.46142324852192307,1.4286521254537587
0,-0.7153896746512851,1.304638839042803
0,-1.008070462223487,1.0517952381622278
0,-0.6197224620256454,0.6332162136967057
0,-0.18635423735065637,0.27636316177465037
0,-0.14888920411426154,0.26271717102694536
0,-0.1954869338676608,0.5287434445842951
0,0.06137165700063463,0.4668642070375257
0,-0.16667245094517247,0.48250359625779915
0,-0.5127219257920128,0.8576562259927653
0,-0.20911928702774207,0.9614447101061688
0,0.012164975527985122,0.5564306882434708
0,0.2816995959190747,0.05901097471393374
0,0.45164483266648175,-0.1675629188837363
0,-0.37682312849337996,-0.09757447467500091
0,-0.35212674163387114,0.5145798012320945
0,-0.47914163862456205,0.21211550564114912
0,-0.09383374503886133,-0.34564673988371686
0,-0.26983045455241184,-0.30013625762801865
0,-0.6465437632513396,-0.2200644753765012
0,-0.5173490831071249,-0.1845366694605619
0,0.03271563346529599,0.11299830847001391
0,0.1241108585338484,-0.16642446065846284
0,-0.2333425155639982,-0.619654939621487
0,-0.5366741023204545,-0.6541489653116339
0,-0.4465660193023855,-0.3581347381479012
0,-0.13363802072231168,0.08416194270854094
0,-0.46078821689713734,0.3249297719961569
0,-0.3378851637632644,0.3979061346451195
0,-0.34471113844087786,0.521104546128351
0,-0.44386456332562774,0.7362170408374874
0,-0.3695750337504512,0.3151049334491205
0,-0.052929106042732044,0.15141778095056518
0,-0.34140524400062466,1.0162962974037353
0,-0.11105999938768707,1.0919926569869967
0,0.0034377347118315082,1.2564702801648786
0,-0.3893115678415918,1.254270010747914
0,-0.062388423249296054,0.2713730481742043
0,-0.04061360538904041,-0.10580749771785247
0,-0.33357248479487434,0.6434222933980089
0,-0.7583474668295658,1.0285485832250816
0,-0.8410881324912172,0.978518442429046
0,-0.3521917673936166,0.6910447615179989
0,0.18061343041880096,0.5365759457524218
0,-0.19698225228533617,0.8616575859819746
0,-0.8098318377863347,0.9620802938534774
0,-0.48121249011684475,0.9815358704111999
0,-0.15450050694623862,0.8431627814393872
0,0.2685891264291699,0.8662645257122694
0,0.2130196886170947,1.1320022503116038
0,0.12048556261895993,0.7574737033321033
0,-0.39743616882279087,0.49207893416859577
0,-0.4039216092087874,0.3915905219543173
0,-0.07205121216928156,0.8736366579366782
0,-0.03280409193210354,0.8029359977923132
0,-0.6103828228832424,0.8609986098694864
0,-0.9361196738494844,1.0061895846399675
0,-1.0119023196487011,1.1108333783114377
0,-0.5217401056618506,0.7138017322445862
0,0.2854520279086141,0.5005665465669633
0,-0.2182479917680844,0.3996965559083895
0,-0.41141673652860833,0.18564303728969406
0,-0.44936705552273715,0.4778663364624466
0,-0.97634682901546,0.45066978578551486
0,-0.8118776893482662,0.3716294319692413
0,-0.21667841894446616,0.4264244402592361
0,0.022519560318461918,0.051875286685292676
0,0.03167177295719892,0.2342772226655085
0,0.34456516124822734,0.16189328028791194
0,-0.002017490325682436,0.6312643256895483
0,-0.14505235135764682,0.14684519368429294
0,0.08665305807264134,0.22839601105524793
0,0.17887740178332612,0.14997221194902977
0,-0.11917901901355188,0.2865790468079735
0,-0.04456214782473322,0.7048285586447255
0,-0.2553726917329183,0.7047717033545613
0,-0.6022986006190867,0.6347930934174363
0,-0.5881391374390934,0.7699402420268819
0,-0.5772471422387606,0.5919550527007735
0,-0.7442175691366448,0.4919146308074131
0,-0.6166500094924074,0.7312640893347087
0,-0.6545484054504989,0.3257035999206596
0,-0.4304245427390079,-0.22561081828014273
0,0.4969496655097652,0.005063904681934794
0,-0.02280821352866247,0.06550834582343479
0,-0.477990865744534,0.11500097772093376
0,-0.12139024794346831,0.45377316650001753
0,0.31482749626380746,0.5554499747124128
0,-0.05948004842231103,0.19630814046941975
0,0.02316791328494111,-0.14398121181749335
0,-0.2236870392922239,-0.32840336053952623
0,-0.49400204539157966,-0.5746950285486205
0,-0.25825605744343394,0.15326287639232106
0,-0.1993538065193209,0.4931045832554839
0,-0.37434583619167916,0.6178780365863137
0,-0.6718609364837267,0.7754634503763037
0,-0.24052730957604274,0.20757184068875367
0,-0.2291377692550065,0.025412471402983083
0,-0.15859499642889308,0.06914424322938728
0,-0.055091181298207226,0.3134066742967204
0,-0.34769471368619465,0.6161467464220016
0,-0.45082107986841335,0.08331181553313038
0,-0.11341185529091535,-0.13172354047992452
0,-0.09230273893275509,0.11541230388340817
0,-0.23921358303577178,-0.026164912410928554
0,0.24211674909261766,0.96508438506271
0,-0.1925823124176621,1.0561715590677871
0,-0.1645619417256775,0.6979333850904974
0,-0.19368267638408387,0.9067741131417419
0,-0.49250602072951266,1.318067073139002
0,-0.4745239728759516,1.342830274171463
0,-0.17062670558810722,1.329485101016793
0,0.006601028214401339,1.4838391769479728
0,0.0836504821074957,0.915207855310147
0,-0.002865340898853208,0.41461209720318565
0,-0.1315334785946456,0.024909390232810136
0,-0.025860216636145295,-0.16592097598665778
0,0.16724545917135109,0.08444194266561622
0,0.4201078437378121,0.24366315218871637
0,0.3352417610257306,0.5101978271522406
0,-0.07354069440252298,0.7338773088910223
0,-0.21732373642022917,0.19933961775401177
0,-0.09280362681761134,-0.2768576331470096
0,-0.9419413212391583,-0.07717351909567638
0,-0.23530441477329345,-0.1131230300993844
0,0.41046279898779,0.420384251996596
0,-0.09503127771542974,0.3843349964998916
0,-0.5372712537485211,-0.04553695475058439
0,-0.6061717029221416,0.27373916767158374
0,-0.6267756887402869,-0.05927314080453938
0,0.1638649042878913,-0.5580571264951333
0,0.4366662754778512,-0.44725898599901603
0,0.4609088880729765,0.004631520294940017
0,0.32172438360344763,0.2246883929616357
0,-0.2716572228805383,0.04205993796026125
0,-0.20753577004063517,-0.010639721877662212
0,0.16008818842022055,0.021981497119463067
0,0.024205770599608933,-0.17676203689309833
0,-0.40762128702308653,0.06141459005919081
0,-0.31638153244782674,-0.1369360523571238
0,-0.3847574776222068,-0.49432976373211035
0,0.2544775770353291,0.44095322225595174
0,-0.11695575141026837,0.17090731658584535
0,-0.08910508810318507,-0.004440821958191066
0,0.1429140058728972,0.21393693915541168
0,0.0013945602328805928,0.3488480080310541
0,-0.06655194838311318,0.09547697067585453
0,-0.04164587995869251,-0.13750910356593515
0,-0.36336499408387535,0.08901033107595457
0,0.165381523808732,0.3486784646580292
0,0.36105402547879395,0.21343334775352085
0,0.09961287352414705,0.15179932455470435
0,0.17123626665089148,0.28605291794625326
0,0.008436267939874231,0.6118507727932829
0,0.029421540869636942,1.2185286400368145
0,0.19143586764118464,1.1481994231639974
0,0.088964981734803,1.1318033969755983
0,-0.173054835997986,0.8061412922871268
0,0.05336696205392971,0.8939239611392646
0,-0.562590021195092,-0.2883126310667825
0,-0.39213123046027,-0.2676367759787963
0,0.2665504530156969,-0.30151861200294827
0,0.5651717692104858,-0.17553281768747853
0,0.09848036479500655,0.5132064872602788
0,-0.263183616243877,0.32749164192085317
0,-0.4492749502148832,0.02849304312033074
0,-0.24878956373926508,0.38114697382424545
0,0.18078436172835227,0.6629348167311063
0,0.0830200608129475,0.6055871893247302
0,-0.22010414592733307,0.046098408759051246
0,-0.4976151609580506,0.017841381864804995
0,-0.5804140582539159,0.17800436964698557
0,-0.4807840382875359,0.24205089941558527
0,-0.25278255732373256,0.3377262154901667
0,-0.5581467525762549,0.3038478757431152
0,-0.6159908594858936,0.2648700965656563
0,-0.6707031395374479,-0.4287152782776692
0,0.07814127467376236,0.717495554145113
0,0.6054039590584895,0.6568000269288127
0,0.25513841674046106,0.879120474201356
0,-0.014288237449349761,0.8362847592933995
0,-0.08927750449149885,0.23860979712262279
0,0.061458152558836354,-0.5257594335332103
0,0.01894919698673736,-0.41682342555714036
0,-0.07365297523405545,-0.19856260801707304
0,-0.10442025292905255,-0.12381921538236673
0,0.10467844600486048,-0.02268243228659428
0,-0.07275391169783707,-0.28099709565493225
0,-0.4563876764437015,-0.4507969020911763
0,0.28164849852756707,-0.06489893013983128
0,0.17036718642637289,-0.08924205380469585
0,0.04344996481277941,-0.2969794322227107
0,0.011244905316988296,-0.44826098375210677
0,0.12256082518423927,-0.08726240426825838
0,-0.11718684158185133,0.23565355340221525
0,-0.20035763965061282,0.36425906966885324
0,-0.41270892408964466,0.02419943185546536
0,-0.44835643272133574,0.24863505878258046
0,-0.18607978739744468,0.422766661702861
0,-0.22439928511683316,0.18069170076892144
0,-0.20858023314133178,0.10459272796449326
0,-0.0217615341063212,0.29901894674205215
0,-0.347454109277445,0.1428626135075678
0,-0.49727410843628805,-0.45580399235004154
0,-0.26038784184450936,0.05067033638334112
0,-0.14929237435794684,0.37233664799012245
0,-0.11887332852611399,-0.029195096600517334
0,0.12252460230489493,0.11600901318771029
0,0.353684161875319,-0.14196808718947496
0,0.12217652564123749,-0.07048394756276366
0,-0.1323964998627184,-0.2027716683045191
0,-0.1511429184077938,-0.3399040139466478
0,-0.377201621803693,-0.32620506572286734
0,-0.36543029365793256,1.4086801169981613
0,-0.490469399182472,1.3159595113399098
0,-0.7613803527020682,1.272395121546664
0,-0.5890549418833473,1.3284397772000687
0,-0.5456289243030055,0.9487700204141571
0,-0.9901668833633483,0.3004246597053799
0,-0.9714336980119569,0.24996178354407234
0,-0.9944603413454678,0.10625183440200747
0,-0.8530169584394556,0.2265293697594384
0,-0.46979116827349154,0.18986754823359664
0,-0.6416961931054177,-0.2774133968572462
0,-0.6269810107025389,0.17188641273689242
0,-0.40524102372593596,0.238382486581038
0,-0.28165720067461997,0.2855277682114268
0,-0.294722074857513,0.23738804525505172
0,-0.45581280053408246,-0.0038185895285428595
0,-0.6780293656745824,-0.02462225894104436
0,-0.9209726193938255,-0.09070702747926418
0,-0.23796525071981556,0.31078909108718966
0,-0.28590435686169247,0.6693946444223269
0,-0.2484982384732175,0.5847588626494176
0,-0.14610081222659033,0.13682783547680288
0,0.05519905246581752,-0.08971416051534542
0,-0.0634517071746794,-0.35284041604464333
0,-0.3978575046794559,-0.3797061781335075
0,-0.18245250829859716,-0.1904992875618452
0,-0.06026835118793672,0.14266007980320944
0,0.03980246341415705,0.22252993633864554
0,-0.03151375571771675,0.1364904238090895
0,-0.1162441864074979,0.19604566482295777
0,-0.010688297627889809,0.7314535843335533
0,-0.040551391768502365,0.6197360192606267
0,-0.3727901063119512,0.19005803866124182
0,-0.6401774582039621,0.12474137991855366
0,0.02586816114196888,0.19261202774619296
0,0.5373353018130154,0.06260917673562483
0,-0.36770196195127025,-0.029890605625557676
0,-0.424072082965284,0.5933850413202469
0,-0.39832649238693274,1.0311472179446706
0,-0.3572652685772908,0.09577945326304449
0,-0.2787294420852596,-0.058473298897197545
0,-0.6410222100695433,0.11557652615433806
0,-0.5779335746470191,-0.1058975738499317
0,-0.04429833564775243,-0.02512112602000882
0,-0.1590248101339624,-0.20273852349732668
0,-0.5386604435375402,-0.4001790236676521
0,-0.1725171656630018,-0.6564144737685143
0,-0.12104494468211147,-0.1605015854214893
0,-0.041208007017235815,0.44593434214675914
0,-0.10333696327372832,0.8213518397912577
0,-0.4641463630620415,0.7120484796370068
0,-0.6944982062087359,0.033733276914122645
0,-0.5818318861990153,0.045302559370479445
0,-0.6050302288670162,-0.13047187810394878
0,0.016023483165310326,-0.19718091822939232
0,-0.21707889384822088,-0.4398820926130216
0,-0.07390245956599673,-0.8397790328544139
0,-0.2069867677845565,-0.6782411808329802
0,0.08143536428818593,-0.3076601531578398
0,0.3811344147686013,0.22921721729887495
0,0.10144278366355036,0.49437715291416473
0,-0.1323798980499975,0.23972767724111965
0,-0.29825829484096134,0.0029216997303087022
0,-0.03990567718263427,-0.1136048817060532
0,0.4839932827250266,0.283999634438976
0,0.07368022580406042,0.5857665747831291
0,-0.1926435544178865,0.6568518047338858
0,-0.22387182575654696,0.7489715092046462
0,0.20106972855435612,0.8143853101659482
0,0.4944501731296205,0.9711500630001532
0,-0.2529529364209968,0.7003867498499223
0,-0.5195880291283462,0.1223945662881093
0,-0.14317767078685495,0.6038722014964408
0,-0.17431412285279868,1.4844575439264858
0,-0.24971499952516474,1.0509055678650632
0,-0.04707579431362563,0.614283191200073
0,0.025276503836875297,0.8833795856574078
0,-0.29859211904490734,0.979820528833155
0,-0.6963429610237131,0.6575206449462229
0,-0.4309251792706871,0.22115595258886767
0,-0.32275743967170956,0.04982925150806028
0,0.06943600881981915,0.22924657827497635
0,0.2877672331981126,0.43791882677915067
0,-0.1289461403949027,0.5626646878088087
0,-0.1658749317980347,0.7546127185298488
0,0.14432393222872486,1.0579150497433916
0,0.1793138736186996,1.1585598309071599
0,0.1298151791241443,1.1489598590518724
0,0.18182626293179538,0.4996749103442926
0,-0.0681678779942092,-0.04973400406886952
0,0.22222906759556302,-0.029145318943410048
0,-0.250781226217918,0.4702294506612613
0,-0.38984233721905737,0.7192879360105262
0,-0.02210360374476472,0.7733437357479255
0,-0.335457323276791,0.6253631870775089
0,-0.5652918836608853,0.07259430193900984
0,-0.2574360349376569,0.14940173315915362
0,-0.04129411329885224,0.41996513234940486
0,-0.0028780931874293203,0.29973529617711164
0,0.14827560164962994,0.01791487567342276
0,0.18157063479040964,0.07303268685071335
0,-0.28853680060451226,0.7017453316749132
0,-0.42840464526642563,0.975846195816494
0,-0.3998219859366746,0.6756082241353085
0,-0.30295683218046976,0.7011581837692415
0,-0.1494251554394731,0.5288110273312336
0,-0.011169577858247515,0.25449122436131266
0,-0.3688168370732696,0.6138715157104222
0,0.20280916152690986,-0.4778007397341322
0,0.13378129655022486,0.1645556593902464
0,0.21216431049227347,0.3021476369193984
0,0.06654674524979887,0.2640939871890252
0,-0.12307586051161667,0.05764752169684151
0,-0.14829374476698554,-0.03829990135243133
0,-0.19547304097424711,-0.2880019857472502
0,-0.4377911516062324,-0.3292511936000956
0,-0.2502161763758325,-0.1593596400479268
0,-0.4255052644396826,0.25728778555934884
0,-0.16419716993260458,0.24774277408859663
0,0.3975193872863936,0.25318274036992117
0,0.6498839192112702,-0.07504625150639888
0,0.7388430305468049,0.22289602539278683
0,0.2898947978867409,0.4299466855365065
0,-0.1302662070843087,0.06670968103382524
0,-0.5284631892858556,0.16500236731067952
0,-0.12331092986240455,-0.026596848962452346
0,-0.6389212191412144,1.0006502104041461
0,-1.0849030385945313,0.9956704216939276
0,-0.5625578859867066,0.47465088354080326
0,-0.6150935402568249,0.4123937862240672
0,-0.6317287346337381,0.24297667341897716
0,-0.7371214351591064,0.36741869298731983
0,-0.7752847413294344,0.5647914451528186
0,-0.6519471515450055,0.22027867856589461
0,-0.7747024992548472,0.218298256284552
0,-0.8075499017494234,0.6569068370116441
0,-0.3105200536205467,0.6453181444444994
0,0.10216361896132609,0.5281579623387045
0,-0.1223783474705401,0.33709263785151256
0,-0.2201258431944897,0.40877348500340505
0,0.23148481974228324,0.8639467813210315
0,0.08914823281829509,0.32494404200861876
0,-0.07897370726556929,0.09672757678060573
0,-0.28360966435659385,0.6498148715699406
0,0.03791953222987027,0.9153939503210617
0,-0.0020639599330001257,1.3648339051680058
0,-0.7037166841356757,1.1549825483792309
0,-0.535556247035609,0.6894734103513387
0,-0.5387482630259108,0.5056168395838951
0,-0.6328022462982266,0.8366523675402906
0,-0.34520385312156654,1.129686839759458
0,-0.12862799089938093,1.235508334007008
0,-0.03410261286986105,0.93227995056826
0,0.06783880742575482,0.38706176352797605
0,0.006611826263944187,0.2958192382325168
0,-0.2961970765863702,0.047588363323967375
0,-0.18084459786375828,0.22710024156860376
0,0.2867984816214108,0.41765344995741804
0,0.11861341240565215,0.34507640384507493
0,0.20169874345483152,0.03336422516303672
0,0.3879703088615154,0.038554129958296435
0,-0.2230035664296417,0.12836827894623443
0,-0.5785755059504658,0.9708651998872277
0,0.004988256694666682,0.8053099389876126
0,0.20925842438068007,0.8230679867151963
0,-0.010376139411122254,0.8719534809585684
0,0.17667355751290587,0.9915838539356352
0,0.8390370461790347,0.8314092553133634
0,1.0072285819343818,0.1976154124572077
0,0.44600971874939715,-0.06680696531724917
0,0.05532421473999505,-0.32370523074403157
0,-0.28114917092502933,-0.29197837795691983
0,-0.08034127398914559,0.6019398207348148
0,0.14555224199158795,0.9904345437699245
0,-0.1563968182703781,0.706627183459487
0,-0.2326525445344063,0.5035668307823842
0,-0.16485057929398872,0.5725894138920669
0,-0.039107195723894095,0.18036677394845668
0,0.16753299068919897,0.3744765966130947
0,0.3184559413274482,0.6078506182281671
0,0.19288346712914461,0.5681851876180812
0,0.09523064579442164,0.45763860852823574
0,-0.24339272116848654,0.10375753521311859
0,-0.3466624134526972,0.3718508003650115
0,0.3085402577968894,0.7909357454893674
0,0.11595417954654691,0.9203904620271699
0,-0.19082923964285137,0.7176132137530433
0,-0.15354772761460578,0.582113892612818
0,-0.15824554719726525,0.742190179772785
0,0.21718020482692119,0.6987969920059292
0,0.402831537444839,0.341936596841972
0,0.11545032783358855,0.020913842528270887
0,-0.27034613470571534,0.19377179670328987
0,-0.31309115603448423,0.5116898997621269
0,0.014359432679968087,0.35186750253909244
0,-0.11903358592725422,0.42293958609512294
0,-0.1097248799624374,1.0661180885313526
0,0.21383405378195502,1.0022782023106132
0,-0.0752268568117932,-0.36400747346571316
0,-0.36742814781105215,-0.25715871121474965
0,-1.0495763101635938,0.27527448301900015
0,-0.8924222034135378,0.3262366368358253
0,-0.6138241184108957,0.21874678979852213
0,-0.5909112132913135,0.45800338275129393
0,-0.5776568441249588,0.5933942111274844
0,-0.18347151211080148,0.12120936036084673
0,-0.5862518542216784,0.35470324593651575
0,-0.28019310910074113,0.5457708131980272
0,0.03147613843850339,0.6286821243451033
0,-0.42285167377888866,0.3349691304666229
0,-0.3820241214977884,0.015261379652422302
0,-0.2676291679185583,-0.0026668651362588003
0,-0.31787054088826894,0.17002498356592644
0,-0.10252475758378299,0.5319851185957101
0,-0.0392835868826964,0.32550612425311426
0,-0.37211821995740324,0.05453411745037917
0,-0.34469584643201623,0.6982228301259471
0,-0.2523546024708835,0.18936717575376755
0,-0.5004212336398746,-0.1748914492360315
0,-0.41428201084925154,-0.14514858709833556
0,-0.1637647092719725,-0.3126671697039224
0,-0.053285675535721166,-0.08421787133322112
0,-0.15476349528096722,0.02870631069767582
0,-0.36358952120603083,0.511269219767341
0,-0.6276477290046483,0.8714711676214564
0,-0.9271059334033511,0.8030168911015187
0,-1.0167322685075915,1.2755824954591517
0,-1.1643747275207812,1.208436050002687
0,-0.381289513583706,0.25059336766108453
0,0.11198640537249305,0.10799392686080511
0,-0.5133688473734263,0.7966486553397747
0,-0.30289284452523724,0.8759908988820876
0,-0.3402729939673187,0.4352885761567918
0,-0.17064834700638887,-0.04545456368426759
0,-0.028931994466026678,0.12877182673129606
0,-0.15020979753668018,-0.004739940990911795
0,-0.13715361863914155,-0.2471452249383378
0,0.050199875884325174,0.3086769370669942
0,0.10470956817107602,0.11658403062568512
0,0.13356731145572093,-0.040186711058061764
0,-0.06258526964521605,0.06001423626008684
0,-0.142024977076731,-0.12456891912124735
0,-0.10265797518929465,-0.15704925003207748
0,-0.12307548979310612,-0.05650505285157925
0,-0.4235955312752503,-0.20354233287473844
0,-0.3861710288374862,-0.35154033154656006
0,-0.16671483031019363,-0.1611643617396592
0,0.05302509724736415,0.41329724778375987
0,-0.031018323293814376,0.6591572916556341
0,-0.09729491136982726,0.20950892785853448
0,-0.43552181466529527,-0.017774549091568503
0,-0.4184799261612959,-0.15996766569388465
0,-0.14362245195193624,1.0952096434072942
0,-0.4525242946668626,1.0524985847405555
0,-0.04532911694113273,1.0026437606652747
0,0.4151228710513191,0.9511213545707292
0,0.051128174971097395,1.3126127102254337
0,-0.5618450454633768,1.4920982010894244
0,0.051215871934725654,1.2482830428134384
0,0.24020418318562214,0.7492597817364741
0,0.17228613029588935,0.8687179011039463
0,-0.043222062756824275,1.329448413686364
0,-0.36178520074968734,1.2177489585982708
0,-0.4672111050978741,0.6626803394679118
0,-0.8283918791784677,0.7949846800153522
0,-0.279138880086784,0.9872774748381821
0,0.04688254508883449,0.629318275149247
0,0.2435299976192896,0.6336005801302121
0,0.44231043378779866,1.1667850503964634
0,0.5576263334404117,0.7083573714646448
0,-0.06259424788419754,1.1379935253847815
0,-0.031464802162064265,1.200384652696209
0,-0.08334829603593485,0.9611343574940076
0,-0.15726519016489438,1.0166101879329763
0,-0.10505368006475524,0.982643187892031
0,-0.2953566675693866,0.8026242436063604
0,-0.6432775599651677,0.5743154234971445
0,0.19639321914320057,0.6105529996586005
0,0.4060182901316499,0.6884112135857584
0,0.10861786425850739,0.9650009655111895
0,-0.25812128569081916,1.1533878980553132
0,-0.38704621315062104,0.9748947804499811
0,0.12427283495900032,0.7295228160915386
0,0.15618161259429225,0.7140974836681337
0,-0.22588983776969118,0.5275063245393948
0,-0.33776780583566635,0.2859320494418407
0,-0.21329324196721888,0.821570528539126
0,-0.20998666269906874,0.8049011415890297
0,0.13626677207892435,0.6274679106198119
0,0.36097773176204184,0.6970102086462753
0,0.11681751562266618,0.6860322015395963
0,-0.15296440433197622,0.4671247256658308
0,-0.42753287943400975,-0.16096068967284516
0,-0.46988898619062924,-0.05410555383953719
0,-0.6862023087990687,-0.10115327077307623
0,-0.7824992983261327,0.08008126096951873
0,-0.5169935026906466,-0.19701274760721477
0,-0.2600666037386825,-0.3967947415050732
0,-0.5403626230559136,-0.03889360362833166
0,-0.6504725476051327,0.30313917584952543
0,-0.3771952643606865,0.22209448294260797
0,-0.36108197757823324,0.1389197528675653
0,0.22399691969086993,0.3007506198740927
0,0.4305358846945464,0.42438378237549385
0,0.14038655982417442,0.30098416450175824
0,0.5134213927060839,0.06934626919144349
0,-0.03423967931791677,0.5764063522071274
0,-0.002804989713258821,0.1995172700299549
0,-0.18870598230328195,-0.0037895498658512827
0,-0.3334062357237694,0.037548365629123115
0,-0.4611386935626278,-0.14418289576395782
0,-0.3819270215498708,-0.5104030634084938
0,-0.29076188308617845,-0.5729284622103663
0,-0.3643755890394714,-0.533848594348664
0,-0.10794757870001859,0.2923024299123894
0,0.08177978192508095,0.6044316215085062
0,-0.25008236032319453,0.7225701297380163
0,-0.40571591215391023,0.6256298915899012
0,-0.1662172520315447,0.45067121883524924
0,0.1747297414698804,0.4936959055406538
0,-0.1370406847814707,-0.020485516657487157
0,-0.316763028862608,-0.5978319363077649
0,0.19219569378500628,-0.4872469503142338
0,0.20012149643208027,0.16810862105998303
0,0.011072773201971198,-0.32405044360800117
0,0.15544893431391393,-0.6406109395216697
0,0.2124624902343673,-0.1385354482345904
0,-0.3868994778981243,0.215229872102161
0,-0.4731620240445701,0.25942319357941457
0,0.05317563521155977,0.06365219492199481
0,-0.040319295017567536,-0.061558184540887906
0,0.09880667151785366,0.19700991416392077
0,0.4252710964247377,-0.010562524495578152
0,0.4370779470860308,-0.5625600712324785
0,0.020800736818817278,0.14274316592875436
0,0.0213096978769588,0.23830803039766804
0,0.15759244726222388,-0.0605107510638111
0,0.04340959727591431,0.3321676011549536
0,-0.21423909066102387,0.280054035031425
0,-0.27358313265538114,0.18052667901903752
0,-0.03265120510008912,0.406444045441792
0,-0.27742493667922696,0.3461328445194488
0,-0.3756411105242923,0.6001423796523258
0,-0.37625694754199546,0.24297896726126694
0,-0.25922816805145266,-0.030608493150084848
0,-0.3903902490182748,-0.1497872373635698
0,-0.3688619699697866,-0.3691402752906464
0,-0.2368738890114681,-0.32383173593539705
0,-0.2238905725186615,-0.2604043347293682
0,-0.11055243058604414,-0.2523533585728511
0,0.3430791198038592,-0.1562225782586696
0,0.6266995626665475,-0.1079029916307328
0,0.10331840174754314,0.2897124558752082
0,0.009220685244407223,0.31652331498495023
0,-0.2102300786702772,0.28707487829135026
0,-0.4183164228739934,0.6848145962057597
0,0.05507413309990483,0.38394951354946855
0,0.26094111009424265,0.35232366183977165
0,-0.11378295846601005,0.30989188781070137
0,-0.13389626498615248,0.141819465434182
0,-0.1242211740957222,0.19567414821272228
0,-0.1260207819994369,0.05923667639671093
0,0.09441366573005183,0.2575942998053269
0,0.005950837113170848,0.11446609672095215
0,-0.17604896404112147,0.2523291375689947
0,-0.12805206423051063,0.5350351020208644
0,-0.5625397235644722,0.1530014180258607
0,-0.7917028327885283,-0.1010940380900388
0,-0.6191838717651252,-0.2244079509618948
0,-0.3354450682716408,-0.035732760764653926
0,-0.10106046257676526,0.05694353544788866
0,-0.14580334304574638,0.21506277157006215
0,-0.44911306539491025,0.5108212460234961
0,-0.5626146793104199,0.2053982167561032
0,-0.8646090786180713,-0.5172469806117088
0,-0.6764875295894293,0.04921221258874742
0,-0.16273144373501247,0.36678448175724204
0,0.12174549207759156,0.19296837124498262
0,-0.3443197240871241,0.0010741999892029952
0,-0.28391529668267435,-0.15644218371606167
0,-0.05123203170470014,0.40173992780499207
0,0.46954432195398255,0.11637539184099849
0,0.5198211101016538,-0.11099425459748469
0,-0.15498685073112994,0.005271481255344379
0,-0.5960130799257359,0.1254071951273492
0,-0.0785973986580002,0.4995608093987123
0,0.16753285412516644,0.23927870865852227
0,0.009037956255067314,-0.14284681265334132
0,0.19404638579228883,-0.15970304953302528
0,0.4086042948378765,-0.2035206329412902
0,0.2898871609116225,-0.06330367449226604
0,-0.05976082988350562,0.21440889635661564
0,-0.2775395052458739,0.1099243883736134
0,-0.3457176814257201,0.12926456585543655
0,-0.08419587963951247,0.11598078725212335
0,0.3866022083733696,0.2628318253459134
0,-0.5706579598320982,0.1740835980624874
0,-0.517030832156368,0.09268838708901689
0,-0.10926348116819096,-0.06501756811209491
0,0.022379387109837168,0.2346304123366953
0,-0.10840797654378809,0.13374191439223992
0,0.15154307389943789,-0.15353570017516283
0,0.1876965064922405,0.1748836821948374
0,-0.15208453643709108,0.048210085456908636
0,0.1060162867914261,-0.16184591177708396
0,0.06165708744522691,-0.01132246707312401
0,0.3148795133757,-0.09282787968005701
0,0.621652150821703,-0.32321926972615866
0,0.5620048379692631,-0.04665749699712318
0,0.4063318624473309,0.027082633284700508
0,0.15032877830682023,-0.14921272319334278
0,-0.3600616397225125,-0.11262644854472559
0,-0.5434212756858474,-0.21846112400651263
0,-0.3295932400765247,-0.3215154900015176
0,-0.38733146439733424,0.9442749327422417
0,-0.32849156634037946,1.0201654393228055
0,-0.03709837895252144,0.9849903943098803
0,0.12912051871506364,0.6344557643459228
0,-0.11067886200739907,0.06861351236546859
0,-0.33014523784177874,0.44740360636556253
0,-0.06292339445422501,0.9363836454618002
0,0.2783813216802832,0.4701604535792626
0,0.144719403758308,-0.00069209417702909
0,-0.19799746383523043,0.09642930163098046
0,-0.08599282948752118,0.09651692096484615
0,-0.17432290747679768,-0.11475757570457912
0,-0.18596828451011937,-0.07326467665919845
0,0.05649023355068111,0.000023100794418307036
0,-0.35204795205048156,-0.0039356148052426265
0,-0.25087217285641483,0.03590402488341221
0,0.41900897298297224,0.2265802721277267
0,0.23799926079424394,0.16981632586058393
0,-0.33971876449294625,0.6542625533213191
0,-0.7729551205134539,1.071214653464027
0,-0.7896714333215085,0.747883567286231
0,-0.407487222240978,0.7681573301938742
0,-0.19315948331911847,0.7447059147506545
0,-0.1311037648261425,0.5093543305318937
0,-0.011779369901617709,0.6564387215754468
0,-0.5439914164922612,0.8474143595393757
0,-0.7497601682804114,0.7308925647737146
0,-0.2506429396708787,0.29044691092141117
0,0.08244152120508863,0.45875305640108316
0,0.010589745195895783,0.6047698080390378
0,0.14131459381429623,0.45500269274883454
0,0.17491522709392382,0.40718697652201713
0,-0.00893264138323141,0.14339563049122983
0,-0.17252363378942537,0.348720984677511
0,0.06210182896943722,0.47409528224689823
0,-0.019310227374831623,0.5470199465936397
0,-0.4227816346366662,0.857719322004957
0,-0.5210942652650576,0.8734173733686521
0,-0.347250730624282,0.9890478401642702
0,0.2546696566516603,0.6096078414048927
0,0.35011054629449795,0.3134693731564612
0,0.17604162742612756,0.4632130294033958
0,0.11952226600143401,1.0411447540646301
0,-0.22386215228225204,0.642935834419943
0,-0.2762097693176896,0.42817374372127814
0,-0.22798665298271847,0.6437132698696488
0,-0.8065919077959778,0.452716646124112
0,-0.8834436748695942,0.050552912556687535
0,-0.5472252430797024,-0.3145974314218263
0,-0.02594261381844526,0.34305280002797434
0,-0.2148178292260693,0.2366609833567338
0,-0.09576367081764103,-0.10709734263277682
0,0.10123868744371556,0.12541789374773293
0,0.0035549889098149823,0.538489492888371
0,-0.043701047919142644,0.5890356157359232
0,-0.4851512522499082,0.24213982645415005
0,0.043279353577673374,0.5799868791790531
0,0.41441734355711224,0.6137851762836418
0,0.02961466851077499,0.5587756407639982
0,-0.35150546635859425,0.4938680449321816
0,-0.06868067979349302,0.17369588796298602
0,0.06509352108462468,0.3033372934728949
0,-0.028724058108941186,0.4686509606045717
0,-0.14212229561893097,0.20713361368261174
0,-0.06641235185021332,0.26282677869296406
0,-0.21213041639397545,-0.020148854354088697
0,-0.41904720545606977,-0.28119290521693685
0,-0.364710891767107,-0.22573687659167418
0,-0.46835263130797233,-0.12408025750691765
0,-0.4167785292495063,-0.057556924205553806
0,-0.437024052481062,0.023919147657272433
0,-0.3366452628814518,-0.13420128480350424
0,-0.1160276118832424,-0.10508647645772506
0,-0.17034298291330774,-0.23689065275669985
0,0.04601838036902589,-0.44556622444734917
0,-0.02277725639178485,0.16462776248996092
0,-0.1523416940619805,0.1598778369424797
0,-0.12457025055685533,-0.2531932229638242
0,-0.23647413034368436,-0.3944694693229932
0,-0.2734647340336672,-0.13222647552765288
0,-0.19019858840856907,0.15480522198381236
0,0.12440631989874801,-0.009714725176923067
0,0.4078068013974638,-0.2741138002472351
0,0.48233720333969154,-0.4414929664917583
0,0.42566702673357826,-0.5917588460206726
0,0.27613229028163233,0.20696311968617803
0,0.3418979641360087,0.22276174584896974
0,0.40242877621255846,0.01670849146791986
0,-0.09001581149633131,-0.049580830888743876
0,-0.12839424760873985,-0.3575466006710323
0,-0.11525794337283968,0.8908307944043352
0,-0.015062070897747859,1.1447787244754308
0,-0.013800228572308448,1.1123039435442723
0,-0.14399665122855143,0.6608220475289333
0,0.7864499490659769,0.7826221722522904
0,0.7341127405867098,0.7990308504534057
0,0.5345352968208109,0.49471647757594284
0,0.2659990705173552,0.21136138687259293
0,-0.20697822190060067,0.01305993449125431
0,-0.33869462617806323,0.054877462039187974
0,-0.6388885621949902,0.23112387519252445
0,-0.1250263545093493,-0.06384104804825697
0,0.1912376897825615,-0.03169256430437217
0,0.2337563562053822,-0.09799439407418953
0,0.3096695566944815,-0.270482314379769
0,0.06344858516994167,-0.035841864323564565
0,0.4078385313923161,0.3389301219006869
0,0.33106457887481733,0.7882179198605384
0,-0.12206577726588785,0.43265306697798944
0,0.4625310592496781,0.7594788858897418
0,0.2994551946070888,0.6289420752575787
0,-0.14614856604370918,0.4855882399760355
0,0.2238182276533155,0.18672607942087494
0,0.38499286643302977,0.0846758187957869
0,0.38441924179052794,0.5468887914714866
0,0.29176384024051594,0.3804331570606273
0,-0.18005320373335088,0.1149442505789467
0,-0.03436362239353408,-0.3212004348389359
0,0.43125951942155527,-0.20618812790479424
0,0.10545375698106008,-0.24498411823573485
0,-0.4295898780864128,-0.1969564732416006
0,-0.16542582740940492,0.029468353355809496
0,-0.3684788565961443,-0.18611381697101925
0,-0.5128901592328055,-0.447345124766511
0,-0.544710851206405,-0.0235686033666353
0,-0.6023060723125926,0.36929303495115173
0,-0.33344689499775626,0.33005361092773283
0,-0.04648314690803346,0.35429687782066754
0,-0.07280833713618651,0.3755114459395496
0,-0.6339110780739503,0.41190053694950907
0,-0.7901131547143128,0.28082870694014134
0,-0.27821769866033397,-0.055123889655048
0,-0.45753487750739485,0.042868963008624916
0,-0.4399627526817991,0.109483778657396
0,-0.260788114730239,0.16640127060893217
0,-0.4436185369789799,0.21956681394874783
0,-0.6487247802138123,0.1796808641910428
0,-0.48525407154878564,0.3788169744555091
0,-0.6077413219184866,0.3209057101312173
0,-0.615450519209074,0.12805535492597736
0,0.1175052505634907,0.050309392767256766
0,-0.00997801133096582,-0.10470343290418849
0,-0.6158236591719444,-0.03441671015132808
0,-0.13384373465909905,-0.2147289594220757
0,-0.2710127743284504,0.2919583802998009
0,0.3050772031692438,-0.15179451102453556
0,0.12444672292871295,-0.19151620614123832
0,-0.489997368443712,-0.13023025444222636
0,-0.2975799527447267,-0.12931355330363947
0,0.2653659983232347,-0.17170196220316292
0,0.057593634352680445,-0.07683290180085933
0,-0.3338132763660253,0.4693105566187462
0,-0.4736751942899322,0.3835131403409138
0,-0.10285084149874679,0.26299862137565655
0,0.17259418748510214,0.11077983105802724
0,0.16442494659652956,0.1514394937400455
0,0.11813718985147215,0.5536895166730247
0,-0.016102245294536077,0.07918700958874036
0,0.14515096032056818,-0.1569309024595672
0,0.5843477918989067,-0.27953473632908377
0,0.5257517819991862,-0.5618620642296
0,0.11672666793055009,-0.6379733156754315
0,-0.1482715104271659,-0.11900287140851062
0,0.09708177974315513,-0.2824652957217948
0,0.1920172489398873,-0.15501164593114525
0,0.29493825481695224,-0.36353752245966864
0,0.2745773266859687,-0.40387195750665195
0,0.044336646442354355,-0.4578638080742822
0,0.1927063679696071,-0.1153702612520855
0,0.20294798397798142,0.04327296185028412
0,0.3094551026079939,0.15513823954246708
0,0.05372637854404794,0.23007357263497719
0,-0.44348267094146576,0.2736542551863954
0,0.028530182538603732,0.2823140721055443
0,0.266096461424046,0.36511465819431227
0,-0.14714172838033435,0.017631392702039228
0,-0.07722686349021657,-0.3131378389593943
0,0.23027364157219365,0.5028222075841384
0,0.09880645900740281,0.6939265103280723
0,-0.2101383652411729,0.32522917602185597
0,-0.024683780116457943,0.10270277888181811
0,-0.13016852053428107,-0.10418835544205807
0,0.17818503202771802,0.1754951687647513
0,0.018046997412436205,0.7573018903249558
0,-0.2993845301589191,0.8342889830743005
0,-0.26019117618422083,0.558035608052522
0,-0.04490068218757548,0.5961794094500712
0,0.0806607967938115,0.6820323258376807
0,-0.3526487385829761,0.7403038027896113
0,0.12380107363370246,0.6319644376598346
0,0.3662846379607545,0.3282081529220589
0,0.028210308254704386,-0.089715609393472
0,0.019422826486601985,0.5346648038117573
0,0.17408778858771845,0.2842799310085611
0,0.4620213169397136,-0.11724157048194239
0,0.4078007779313549,0.18715491638763954
0,0.47032140923843935,-0.19936576022844776
0,0.39413806795624395,-0.27475029225748004
0,-0.22996921203485476,-0.21771459543633953
0,0.08479241461140075,-0.14444617818098426
0,0.011417377744416757,-0.1679233850042643
0,-0.09806635602383929,-0.2994659039764592
0,-0.32440942711611553,-0.18558722924197635
0,-0.4331378247713814,-0.1251647157642034
0,-0.185730941669507,-0.17428870315414713
0,-0.3457721045326163,-0.2303757344672972
0,-0.4269723509044978,0.25192755932095257
0,-0.02664324521618061,0.4000120104179989
0,0.10692421422547882,0.1957620623843434
0,0.27701765678295365,0.006732433593301113
0,0.09008978100643533,-0.31871652676858453
0,-0.2485577514971612,-0.32441786814485707
0,0.13207419940165566,0.2272741874101248
0,0.736677102410706,0.23111127183110353
0,0.38560224743107957,-0.12743224219194915
0,0.07607310424298919,0.25724138244030675
0,-0.015564824629203167,-0.2902927075489291
0,0.022578460075880935,-0.38241561491546405
0,-0.21316630040569406,-0.2823485733550356
0,-0.12279069146100208,0.04107719723763714
0,0.26178730716966003,0.20285949646957535
0,0.10228863959652001,0.33200455074277774
0,-0.2178383584029523,0.1826097052898485
0,-0.08777574266851462,0.04321750219862919
0,0.08036097497067457,0.03062882771567904
0,0.3441860616455539,-0.43821664129744775
0,0.1546979019316806,-0.05249073866258591
0,-0.47751283617433316,0.15318783676479597
0,-0.3563114750516784,-0.1274246009254718
0,-0.02551921557059378,-0.08497006851540068
0,-0.005496156111001571,-0.16297854722306937
0,-0.010271487810737556,0.15565220260163048
0,0.08938910945946998,0.3195182428277642
0,0.4006391480257502,0.02078104696235894
0,-0.04235492866225271,0.3713472385152725
0,-0.02896751442720069,0.10930672662795476
0,0.12955656315011987,0.01808464365609186
0,-0.057887565127854756,-0.0811003988693415
0,-0.006970449469899664,-0.04406752625382493
0,0.06165635573405637,-0.03024173955859666
0,0.1986020351157164,0.03344996731409178
0,-0.040936694149459996,0.21201750144392031
0,-0.09077610373005585,0.2459277333892873
0,0.10060044553827702,-0.22669136872783358
0,-0.26333512654161406,-0.14264984961665106
0,-0.5423047648194286,-0.08955864995895446
0,-0.707184106439436,-0.09801252634287438
0,-0.6817710292040968,-0.23646157501389387
0,-0.15758567955861746,0.3046315157275756
0,0.37770776508386805,0.7554488555499876
0,0.8704240194589553,0.49202336206324637
0,0.27812172938375335,-0.07958991327524145
0,-0.3869837784115874,-0.2784075501699901
0,-0.5098692319714797,-0.11751454996825472
0,-0.9550117484600937,-0.05773418240866346
0,-0.7565878192468576,-0.36085711931681075
0,-0.342566690751655,-0.3087930694966152
0,0.2125134257685422,0.3433286061241063
0,-0.18552353527893706,0.2600414304383184
0,-0.3408848069482686,-0.03934855968794282
0,-0.17763424997969024,0.10261378484579253
0,0.458917838546654,0.35137888442810195
0,0.5848036694766525,0.1443776163787327
0,-0.13692020596729304,0.045119919893401916
0,-0.21185082071342443,-0.06813543308444925
0,-0.04823436688117544,-0.1215711483225046
0,-0.034151792045907514,-0.06917123225217803
0,0.2206332483018483,-0.07600807200083981
0,0.12547943863476918,-0.27620959693636093
0,-0.08284038330694676,0.008811984446065013
0,-0.47160303223363553,0.39556558128178
0,-0.43081622551160736,-0.12909767666338645
0,-0.3818808471377506,-0.2880653982785556
0,-0.5118671672079689,0.17892068796685023
0,-0.22311275421781696,0.02327141742574168
0,-0.3127285390533534,-0.3151710577946264
0,-0.5779593807584287,-0.4123695346394407
0,-0.19220931656729223,-0.3383315471596835
0,-0.09120076910726083,-0.3146870925498022
0,-0.5392109929027286,-0.001073499127772437
0,-0.7682150973455524,0.19819656223144078
0,-0.2783092954006682,-0.06954964302540578
0,-0.17013192593871584,-0.3029117182069617
0,-0.8110727495783725,0.34741844612403217
0,-1.0899608105173244,0.6185446523719932
0,-0.7547870782721318,0.5862586155769562
0,-0.44600147376059485,0.25930188629327017
0,-0.27488960640378324,-0.22829030763805513
0,-0.09704239931004799,0.34943670272031735
0,0.1492778243865871,0.13788341622458467
0,-0.15620091473743447,-0.16064416039702678
0,-0.46356614783817995,-0.29506835845668167
0,-0.1980354413969897,-0.018907012376470522
0,0.387188334698308,0.0703011043167946
0,0.2339730430305997,0.13416346010019486
0,0.19129551673943113,0.45486590129643023
0,0.11205800568731605,0.372023094636976
0,0.16632061015232136,0.028748312856960667
0,0.38315355123364264,0.08118003368604076
0,0.26311969377795674,0.03469295421564178
0,0.15593235322245985,0.30352091587331065
0,0.44706376616593557,0.0408752968612528
0,0.5841823307996462,-0.47858260785344486
0,0.412246754120544,-0.21673803558600124
0,0.4813733862411136,0.2810113129292727
0,0.18370288669340096,0.27132333007813836
0,0.11159628218618489,-0.21159112798720803
0,-0.14908260273873908,-0.27154988674547076
0,0.24932543487550185,0.1499940876660864
0,-0.07903307871079523,0.1490200284410334
0,-0.08452614827008453,0.009274415408498604
0,0.31549729588738906,0.12624892971943258
0,0.07518666097094423,0.2559200298577196
0,-0.585182589514718,0.47697210710544374
0,-0.5410757807555496,0.37900652747545666
0,-0.42623738935555466,0.019742637831237198
0,-0.33866037446801023,0.026664047778905298
0,0.019977933049301067,0.1381085120191256
0,0.24862976282073324,0.25951251777439716
0,0.24708704572110626,0.11376356893033723
0,0.1421414852882834,-0.25201555192100134
0,-0.02335514533391697,-0.2622454230712332
0,-0.4624772407619049,-0.18460944704333027
0,-0.3913180729210616,-0.21180562349166543
0,0.3928554262790431,1.210695947206652
0,0.09085614547818421,1.1909352380227096
0,-0.010323823032130475,0.8832346424330982
0,-0.037872735455281636,0.31237635314649087
0,-0.40828943324719424,0.08930288532249675
0,-0.08848487684324025,0.005885164609297611
0,0.07862905784928254,0.029937808752207085
0,0.05648281637748265,0.3042856664935989
0,0.1524598551502218,0.25024236333393773
0,0.15042099954519267,-0.17852622536210927
0,-0.05319463847201844,-0.02477842476881903
0,0.14365610894368575,0.03267292044455056
0,0.28127811975269784,-0.1772113890318071
0,-0.122714652800886,-0.2580420068630338
0,-0.39712625063060447,0.0761117805704763
0,-0.07298882380690996,0.0879449278140485
0,0.17636152595557553,-0.09543305843987404
0,0.010205828648943371,-0.19674139801715884
0,-0.1255550064025519,-0.2048034610992251
0,-0.10844545872533706,-0.1506650443567159
0,-0.02144417666224241,-0.49201321839981527
0,0.17541806945111865,-0.5492268189015621
0,-0.07998535628376513,-0.2733415971528874
0,-0.6761761182355497,-0.1152348615131018
0,-0.9109054264471301,-0.19721580917317594
0,-0.8360706864488423,-0.22804392742021828
0,0.2534135225797778,-0.21209071909193666
0,0.48008299834677176,-0.19149590534097227
0,0.04321044590490497,-0.39484429427057144
0,-0.05359324468858373,0.15476128272663597
0,-0.3295239803412757,0.49871061634595126
0,-0.47967679046110756,0.049438117790484626
0,-0.29283792320227686,-0.03371280442285751
0,-0.14651316494959044,0.2611973829763304
0,-0.3649105240691355,0.27412815839511134
0,-0.19085272321618874,-0.17931308744231467
0,0.3544877529178486,-0.07248210953645651
0,0.46515719564880265,0.23110128207375313
0,0.07053313601370348,-0.14270470145173353
0,-0.08588713312204288,-0.9293083368642194
0,0.06069158882305081,-0.3971725744907343
0,0.23218879771565293,0.13261237737138343
0,0.36392957571324563,0.28278401610095516
0,-0.007192116027257445,0.24251875455591698
0,0.0076894633985183924,0.31246146099282973
0,0.35876398393666575,-0.12921138752463668
0,-0.17496869058212328,-0.056203967993627924
0,-0.576150097081805,-0.02881031791355837
0,-0.3920068762732787,-0.4152946419651071
0,0.025662857188464838,0.08571730892207219
0,-0.3440937818837534,-0.022699381737656177
0,-0.46590469533147516,-0.18047079100186736
0,-0.601716590996404,-0.1681178141695382
0,-0.5034755626252145,0.022399243390624934
0,0.13434912088413065,0.28863041503984915
0,-0.021465731259868892,0.3491590293595116
0,-0.24372998866819207,0.07833763742046979
0,-0.2580936404240407,0.10471856700714921
0,-0.2269822574337783,0.0878367881953499
0,-0.5005361995754314,0.23366531411904562
0,-0.3641620463138824,0.0964382047361157
0,-0.0156869349318412,-0.25760631053809047
0,-0.11651226741099241,-0.25168149564710274
0,-0.07116042534026179,-0.030265248855089966
0,0.25191917164013916,-0.10979318174055197
0,0.29181300292200496,-0.29758775511608804
0,-0.1811222328316615,-0.3917960026006576
0,-0.7244137640495405,-0.10208012302589409
0,-0.24326267397790224,0.18373795742553994
0,0.08075142099801536,0.4586464873302082
0,0.19219847562979836,0.5377772706313062
0,0.27676742974417734,0.00034868337866494903
0,-0.2346443863570824,0.11463409699873706
0,-0.10912008061503065,0.49512613271060235
0,0.042581157712942685,0.2396403760267113
0,-0.5354614655649748,0.11923330462524451
0,-0.7235595423547134,0.2128641332113204
0,-0.5742115894654725,-0.06746499534090555
0,-0.6913226441793898,-0.3698193016424133
0,-0.9045085496298264,-0.3663628574983008
0,-0.5121768524418866,-0.009573333100242554
0,-0.059809077339100125,0.03658184127248759
0,0.3663685268861958,-0.1845078642695841
0,0.3344044894300668,-0.22201197875309986
0,0.15814011288133267,-0.20609223538351684
0,-0.08872956740886395,-0.30519710561566815
0,-0.30069713604354664,-0.2408884748935285
0,-0.39364492210080826,-0.23073827731794994
0,-0.5997746170484777,-0.45547117622048616
0,-0.6975580084793205,-0.44103626335921964
0,-0.08558186271503077,0.1298716824679328
0,0.12161069324211626,-0.0517636588177115
0,0.13808529194417468,0.0333482909397278
0,0.020380766260789274,0.4135778771576636
0,0.10144505051864505,0.5440448470073496
0,0.2907071740464773,0.19158083501349088
0,0.09553287815412181,-0.5528929257920987
0,-0.19477532264671837,-0.28108469175775364
0,0.04947816758055007,-0.2362543123865104
0,0.5928609573871853,-0.024903109388785816
0,0.06426683265865218,0.35120237781061825
0,-0.1799728877733825,0.41342219610030095
0,0.07736671066630141,-0.11902286509892002
0,0.29699859431767317,0.08349927245084171
0,0.20955526727012824,0.1217703597002388
0,-0.037709237982264054,-0.4703419034485181
0,0.06579579544708836,-0.12934843381580075
0,-0.018645397680202458,0.2583485345724398
0,-0.37829190534498136,0.061234712156305215
0,0.1938489464969636,0.15231258369116746
0,0.33682984116418563,0.4430907328131649
0,0.1679594172161737,0.5463143386643512
0,-0.0932291983101543,0.46449300179359265
0,0.01147678275925168,0.3170394957643863
0,0.279714597309065,0.29183523866657923
0,-0.044312053024004205,0.24673633802795128
0,-0.22751816626431975,0.36776549608499576
0,-0.3232602581270003,0.48133783284081477
0,0.015911023556033688,0.8565469231577092
0,0.20685412957045168,0.4157818851033066
0,-0.12892271398792954,-0.0874427173618042
0,0.08113897956988092,0.22517414606514974
0,0.608448233606748,0.623263550422299
0,0.5364813528299255,0.5128195202226464
0,-0.09818598966513192,0.41284927593914306
0,-0.01061811301848481,0.40672037154753443
0,-0.3074429853084133,0.028126100221993244
0,-0.2002415348876787,0.43846808569348467
0,0.3916867460251764,0.18278098116738445
0,0.49724673607281233,0.24238726529464993
0,0.3765619852529334,0.3253781666963157
0,-0.01891716551018896,0.14952859415864328
0,-0.11212920599821241,0.12857850660873626
0,-0.08031706233043678,-0.09203258183749519
0,-0.22487026762832518,0.2301256961203086
0,0.13679474199412134,0.546626437599296
0,-0.07361188191035661,0.10732608167333829
0,-0.2592565119944561,0.100577995815818
0,-0.06525226131732276,-0.23473541868422265
0,-0.41866492458043614,-0.24877706283794843
0,0.11281152483050194,-0.10871141207731638
0,0.31334827602021753,0.12378120774198753
0,0.28204613144546037,0.39748140689029854
0,0.24161346552160737,0.4401786389676218
0,-0.04141986011065024,-0.2606580028010512
0,-0.14559363162614325,-0.054247650297453376
0,-0.4273524839710514,0.06358776156785101
0,-0.08031555892187947,-0.03993647740579531
0,-0.3397673309571694,-0.007056805278919442
0,-0.4804192536965497,-0.028428611936544834
0,-0.28112013551320514,0.26414137796900916
0,-0.31685973438180726,0.20458290631784504
0,-0.22248477393475463,0.5049887860108858
0,0.5961693105338354,0.3974788345645535
0,0.21811225733466272,0.23479967709409252
0,-0.39748934784586976,0.2212374679441821
0,-0.40675076099650376,0.15987035462914034
0,-0.12080045803647455,-0.3019120394011786
0,-0.29706825722785823,-0.10839185077360547
0,-0.4306060679575009,0.36256389082429463
0,-0.19990057170376696,0.12319363232522962
0,-0.06613163164447144,-0.44086893731856636
0,-0.22719451707744143,-0.24031882768997748
0,-0.0775416097909738,-0.2251891946336091
0,-0.32467756171787954,-0.012038470697537607
0,-0.16944513677442763,-0.12087606401414908
0,0.23762656771317262,-0.07741211648188695
0,0.2536088161999335,-0.1503204195246668
0,0.290824001176789,-0.42551861468462104
0,0.32033969943745766,-0.03835940266389526
0,0.14859077598294756,0.2652650571338313
0,0.28000117977067573,0.046468436328319596
0,0.44951741756923247,-0.047455384465326045
0,0.40939465684395,-0.4495283742488789
0,0.01058308048058687,0.039800762727443206
0,0.06069970804819674,0.8682371052438138
0,0.4236724566111043,0.12378132122088181
0,0.3329497357904906,-0.5176684631019498
0,-0.14476946524557333,-0.4556864178248815
0,-0.136822474696478,-0.3586514503237267
0,0.21953941499107532,0.4282719799662489
0,0.005795897106437797,0.11753638915176057
0,-0.03733830641099445,-0.4763788736386674
0,-0.21022031666880103,-0.46625897031983987
0,-0.45804585912078366,0.017057764213904925
0,-0.2914987162672622,-0.17673208555241104
0,-0.18090531961696155,-0.03270879103571189
0,-0.24040796959561206,0.1976741681734705
0,-0.08288506435241882,-0.21133049080188138
0,0.4276115092993258,-0.10639007819117996
0,0.8836088861809748,0.12045332758129956
0,0.5011464339168812,0.3589011467079998
0,-0.1790136639050095,0.27767636201750273
0,-0.24209498002220964,0.46064590170790765
0,-0.26478290192497533,0.4498190452272091
0,-0.37532225205195113,0.35795799085222385
0,-0.017849503584371984,0.3825384551149174
0,0.6572569392330612,0.5824540689057974
